Number,Theme,Name,Minifigs,Pieces,USPrice
1349,Studios,Steven Spielberg Moviemaker Set,7,442,180
1351,Studios,Movie Backdrop Studio,3,211,60
1376,Studios,Spider-Man Action Studio,5,248,30
1382,Studios,Scary Laboratory,6,493,50
1737,Space,Scorpion Detector,2,196,20
1789,Space,Star Hawk II,2,292,27
1821,Town,Rally Racers,3,196,11
1822,Aquazone,Sea Claw 7,2,192,20
1896,Town,Trauma Team,5,291,27.5
1906,Castle,Majisto's Tower,3,195,20
2126,Trains,Train Cars,5,378,69.5
2150,Trains,Train Station,8,599,73
2152,Space,Robo Raptor,1,221,20
2153,Space,Robo Stalker,2,280,30
2154,Space,Robo Master,2,366,36
2263,Ninjago,Turbo Shredder,3,298,29.99
2504,Ninjago,Spinjitzu Dojo,3,373,49.99
2506,Ninjago,Skull Truck,4,515,59.99
2519,Ninjago,Skeleton Bowling,7,371,29.99
2520,Ninjago,Ninjago Battle Arena,2,463,49.99
2521,Ninjago,Lightning Dragon Battle,4,645,79.99
3038,Technic,Super Challenge,2,366,70
3065,Friends,Olivia's Tree House,1,191,19.99
3180,City,Tank Truck,1,222,19.99
3181,City,Passenger Plane,3,309,39.99
3185,Friends,Summer Riding Camp,4,1112,99.99
3221,City,LEGO City Truck,2,278,34.99
3315,Friends,Olivia's House,3,695,74.99
3367,City,Space Shuttle,1,231,29.99
3368,City,Space Centre,4,494,69.99
3408,Sports,Super Sports Coverage,5,222,30
3425,Sports,US National Team Cup Edition Set,22,548,90
3432,Sports,NBA Challenge,10,451,50
3433,Sports,The Ultimate NBA Arena,10,491,80
3538,Sports,Snowboard Boarder Cross Race,2,195,30
3570,Sports,Street Soccer,4,199,20
3578,Sports,NHL Championship Challenge,8,374,40
3585,Sports,Snowboard Super Pipe,2,227,50
3658,City,Police Helicopter,4,237,34.99
3677,City,Red Cargo Train,4,831,159.99
3817,SpongeBob SquarePants,The Flying Dutchman,3,241,24.99
3825,SpongeBob SquarePants,Krusty Krab,3,295,19.99
3830,SpongeBob SquarePants,The Bikini Bottom Express,3,210,19.99
3831,SpongeBob SquarePants,Rocket Ride,3,279,29.99
3832,SpongeBob SquarePants,The Emergency Room,3,236,29.99
3833,SpongeBob SquarePants,Krusty Krab Adventures,3,209,24.99
3840,Games,Pirate Code,1,268,9.99
3841,Games,Minotaurus,12,211,24.99
3843,Games,Ramses Pyramid ,13,217,9.99
3849,Games,Orient Bazaar,5,204,19.99
3856,Games,Ninjago: The Board Game,10,245,24.99
3858,Games,Waldurk Forest,7,225,19.99
3861,Games,LEGO Champion,8,216,19.99
3920,Games,The Hobbit: An Unexpected Journey,4,394,34.99
4021,Boats,Police Patrol,3,195,34
4105,Make and Create,Red Bucket,1,487,10
4176,Creator,The Race of the Year,3,323,25
4182,Pirates of the Caribbean,The Cannibal Escape,4,279,29.99
4183,Pirates of the Caribbean,The Mill,4,365,39.99
4184,Pirates of the Caribbean,The Black Pearl,6,804,99.99
4193,Pirates of the Caribbean,The London Escape,5,462,49.99
4194,Pirates of the Caribbean,Whitecap Bay,6,745,79.99
4195,Pirates of the Caribbean,Queen Anne's Revenge,9,1094,119.99
4202,City,Mining Truck,1,269,34.99
4204,City,The Mine,4,748,99.99
4205,City,Off-Road Command Centre,3,403,39.99
4206,City,Recycling Truck,3,297,29.99
4254,Freestyle,Play Table with Cars and Planes,2,305,15
4438,City,Robbers' Hideout,4,317,39.99
4441,City,Police Dog Van,2,313,34.99
4479,Star Wars,TIE Bomber,1,230,30
4480,Star Wars,Jabba's Palace,6,231,30
4500,Star Wars,Rebel Snowspeeder,3,214,20
4501,Star Wars,Mos Eisley Cantina,5,193,30
4502,Star Wars,X-wing Fighter,3,563,50
4504,Star Wars,Millennium Falcon,5,985,100
4547,Trains,Railroad Club Car,5,293,37.5
4549,Trains,Road 'N Rail Hauler,2,451,52
4554,Trains,Metro Station,8,600,72
4556,Trains,Train Station,7,236,42
4558,Trains,Metroliner,11,784,149
4561,Trains,Railway Express,9,665,130
4563,Trains,Load 'N Haul Railroad,3,476,120
4625,Bricks and More,Pink Brick Box,1,224,14.99
4643,City,Power Boat Transporter,2,254,39.99
4644,City,Marina,5,294,49.99
4720,Harry Potter,Knockturn Alley,2,209,20
4730,Harry Potter,The Chamber of Secrets,5,591,70
4746,Alpha Team,Mobile Command Center,5,426,50
4748,Alpha Team,Ogel's Mountain Fortress,5,436,70
4755,Harry Potter,Knight Bus,2,243,30
4756,Harry Potter,Shrieking Shack,4,444,50
4768,Harry Potter,The Durmstrang Ship,2,550,50
4774,Alpha Team,Scorpion Orb Launcher,2,227,20
4795,Alpha Team,Ogel Underwater Base and AT Sub,4,468,50
4840,Harry Potter,The Burrow,6,568,59.99
4850,Spider-Man,Spider-Man's first chase,3,191,20
4851,Spider-Man,Spider-Man and Green Goblin -- The origins,6,218,30
4852,Spider-Man,Spider-Man vs. Green Goblin -- The final showdown,4,360,50
4855,Spider-Man,Spider-Man's Train Rescue,4,299,30
4866,Harry Potter,The Knight Bus,3,257,34.99
4980,Rock Raiders,The Tunnel Transport,2,351,50
4982,SpongeBob SquarePants,Mrs. Puff's Boating School,3,393,49.99
4990,Rock Raiders,The Rock Raiders HQ,4,406,80
5489,Bricks and More,Ultimate LEGO Vehicle Building Set,1,675,44.99
5508,Bricks and More,LEGO Deluxe Brick Box,2,704,49.99
5560,Bricks and More,Large Pink Brick Box,1,402,29.99
5573,Bricks and More,LEGO Build & Play,1,643,44.99
5599,Racers,Radio Control Racer,1,295,80
5600,Racers,Radio Control Racer,1,298,80
5766,Creator,Log Cabin,1,355,29.99
5770,Creator,Lighthouse Island,1,518,39.99
5808,Belville,The Enchanted Palace,4,210,60
5848,Belville,The Belville Luxury Cruiser,3,223,44
5884,Dino,Raptor Chase,2,259,29.99
5885,Dino,Triceratops Trapper,2,271,49.99
5886,Dino,T-Rex Hunter,2,480,69.99
5888,Dino,Ocean Interceptor,2,222,34.99
5890,Belville,Pretty Wishes Playhouse,4,213,99
5909,Adventurers,Treasure Raiders,5,197,3.75
5932,Bricks and More,My First LEGO Set,1,231,14.99
5935,Adventurers,Island Hopper,1,205,20
5958,Adventurers,Mummy's Tomb,4,260,30
5960,Belville,The Mermaid Castle,3,237,70
5973,Space,Hyperspeed Pursuit,3,456,49.99
5975,Adventurers,T-Rex Transport,5,321,50
5976,Adventurers,River Expedition,7,318,50
5978,Adventurers,Sphinx Secret Surprise,7,347,50
5979,Space,Max Security Transport,3,330,39.99
5980,Space,Squidman's Pitstop,4,389,49.99
5983,Space,Undercover Cruiser,2,317,29.99
5984,Space,Lunar Limo,3,391,39.99
5985,Space,Space Police Central,4,631,79.99
5988,Adventurers,The Temple of Anubis,10,711,80
6059,Castle,Knight's Stronghold,5,224,22
6061,Castle,Siege Tower,4,216,17.5
6073,Castle,Knight's Castle,6,410,27
6075,Castle,Wolfpack Tower,4,236,29.75
6078,Castle,Royal Drawbridge,5,258,30
6080,Castle,King's Castle,12,674,52.75
6081,Castle,King's Mountain Fortress,8,435,58
6083,Castle,Knight's Joust,6,211,16
6083,Castle,Samurai Stronghold,3,198,20
6087,Castle,Witch's Magic Manor,6,250,44
6088,Castle,Robber's Retreat,4,277,30
6089,Castle,Stone Tower Bridge,5,409,50
6090,Castle,Royal Knight's Castle,11,764,95
6091,Castle,King Leo's Castle,8,529,90
6097,Castle,Night Lord's Castle,8,601,80
6098,Castle,King Leo's Castle,8,529,90
6160,Aquazone,Sea Scorpion,3,301,35
6164,Make and Create,LEGO Rescue Building Set,1,520,24.99
6166,Make and Create,LEGO Large Brick Box,1,405,29.99
6167,Make and Create,LEGO Deluxe Brick Box,2,701,49.99
6187,Bricks and More,Road Construction Set,1,300,19.99
6190,Aquazone,Shark's Crystal Cave,2,258,50
6194,Bricks and More,My LEGO Town,2,516,29.99
6195,Aquazone,Neptune Discovery Lab,4,508,89
6198,Aquazone,Stingray Stormer,4,408,70
6206,Star Wars,TIE Interceptor,1,212,20
6209,Star Wars,Slave I,4,537,49.99
6210,Star Wars,Jabba's Sail Barge,8,781,74.99
6211,Star Wars,Imperial Star Destroyer,9,1367,99.99
6212,Star Wars,X-wing Fighter,6,437,49.99
6242,Pirates,Soldiers' Fort,6,367,49.99
6253,Pirates,Shipwreck Hideout,6,310,39.99
6263,Pirates,Imperial Outpost,4,216,27.5
6267,Pirates,Lagoon Lock-Up,5,193,29
6271,Pirates,Imperial Flagship,4,317,50
6273,Pirates,Rock Island Refuge,7,381,66
6277,Pirates,Imperial Trading Post,9,608,85
6279,Pirates,Skull Island,6,378,53
6281,Pirates,Pirates Perilous Pitfall,6,395,73
6286,Pirates,Skull's Eye Schooner,9,912,126.5
6289,Pirates,Red Beard Runner,7,703,99
6290,Pirates,Red Beard Runner,7,698,100
6296,Pirates,Shipwreck Island,4,216,29.75
6335,Town,Indy Transport,3,397,30
6339,Town,Shuttle Launch Pad,4,564,66
6346,Town,Shuttle Launching Crew,5,408,38.5
6348,Town,Surveillance Squad,3,311,33
6378,Town,Shell Service Station,2,291,25.5
6379,Town,Riding Stable,2,275,26
6381,Town,Motor Speedway,5,205,23
6383,Town,Public Works Center,4,421,30
6390,Town,Main Street,8,591,40
6394,Town,Metro Park & Service Tower,6,620,58.25
6395,Town,Victory Lap Raceway,13,606,58.25
6396,Town,International Jetport,8,541,69.75
6416,Town,Poolside Paradise,4,229,38.5
6419,Town,Rolling Acres Ranch,3,364,46
6434,Town,Roadside Repair,5,210,50
6455,Town,Space Simulation Station,3,245,30
6456,Town,Mission Control,4,494,80
6464,Town,Super Rescue Complex,6,334,76
6473,Town,Res-Q Cruiser,3,305,35
6482,Town,Rescue Helicopter,3,198,35
6494,Time Cruisers,Magic Mountain Time Lab,4,504,64
6497,Time Cruisers,Twisted Time Train,4,300,38.5
6520,Town,Mobile Outpost,2,218,30
6539,Town,Victory Cup Racers,4,458,42
6540,Town,Pier Police,4,352,44
6541,Town,Intercoastal Seaport,5,545,63.75
6543,Town,Sail N' Fly Marina,7,709,85
6544,Town,Shuttle Transcon 2,3,342,38.5
6545,Town,Search N' Rescue,3,286,26.5
6552,Town,Rocky River Retreat,2,241,29.75
6575,Town,Polar Base,6,441,60
6598,Town,Metro PD Station,8,552,66
6617,Town,Tough Truck Rally,4,383,50
6739,Island Xtreme Stunts,Truck & Stunt Trikes,3,199,30
6740,Island Xtreme Stunts,Xtreme Tower,6,330,50
6763,Western,Rapid River Village,7,343,70
6766,Western,Rapid River Village,7,353,60
6776,Alpha Team,Ogel Control Center,3,422,50
6781,Space,SP-Striker,2,230,28
6783,Space,Sonar Transmitting Cruiser,3,363,50
6857,DC Comics Super Heroes,The Dynamic Duo Funhouse Escape,5,380,39.99
6860,DC Comics Super Heroes,The Batcave,5,690,69.99
6862,DC Comics Super Heroes,Superman vs. Power Armor Lex,3,207,19.99
6866,Marvel Super Heroes,Wolverine's Chopper Showdown,3,199,19.99
6869,Marvel Super Heroes,Quinjet Aerial Battle,5,735,69.99
6873,Marvel Super Heroes,Spider-Man's Doc Ock Ambush,3,295,29.99
6915,Space,Warp Wing Fighter,2,236,30
6919,Space,Planetary Prowler,2,250,35
6923,Space,Particle Ioniser,2,203,24
6929,Space,Star Fleet Voyager,1,242,15
6933,Space,Spectral Starguider,2,208,25
6938,Space,Scorpion Detector,2,196,24
6939,Space,Saucer Centurion,2,222,27
6949,Space,Robo-Guardian,3,369,36
6952,Space,Solar Power Transporter,5,317,36.5
6954,Space,Renegade,2,313,30
6955,Space,Space Lock-Up Isolation Base,3,253,26
6956,Space,Stellar Recon Voyager,2,233,36
6957,Space,Solar Snooper,3,255,36
6959,Space,Lunar Launch Site,3,287,36
6979,Space,Interstellar Starfighter,3,292,80
6983,Space,Ice Station Odyssey,3,343,60
6986,Space,Mission Commander,3,478,50
6989,Space,Mega Core Magnetizer,3,503,60
6990,Space,Monorail Transport System,5,731,155
6991,Space,Monorail Transport Base,4,573,178
7017,Vikings,Viking Catapult versus the Nidhogg Dragon ,2,225,20
7018,Vikings,Viking Ship challenges the Midgard Serpent ,6,578,50
7019,Vikings,Viking Fortress against the Fafnir Dragon,6,1019,70
7021,Vikings,Viking Double Catapault versus the Armoured Ofnir Dragon,3,505,39.99
7029,Castle,Skeleton Ship Attack,7,628,69.99
7034,World City,Surveillance Truck,2,261,30
7035,World City,Police HQ,4,422,50
7037,Castle,Tower Raid,5,364,29.99
7041,Castle,Troll Battle Wheel,6,508,39.99
7044,World City,Rescue Chopper,2,205,20
7048,Castle,Troll Warship,9,493,79.99
7052,Space,UFO Abduction,3,211,29.99
7067,Space,Jet-Copter Encounter,3,375,39.99
7092,Castle,Skeletons' Prison Carriage,5,193,19.99
7093,Castle,Skeleton Tower,5,398,49.99
7094,Castle,King's Castle Siege,10,973,99.99
7097,Castle,Trolls' Mountain Fortress,10,844,99.99
7130,Star Wars,Snowspeeder,3,215,20
7140,Star Wars,X-wing Fighter,4,266,30
7142,Star Wars,X-wing Fighter,4,267,30
7150,Star Wars,TIE Fighter & Y-wing,3,409,50
7151,Star Wars,Sith Infiltrator,1,244,30
7152,Star Wars,TIE Fighter & Y-wing,3,410,50
7153,Star Wars,Jango Fett's Slave I,2,360,50
7159,Star Wars,Star Wars Bucket,3,292,25
7163,Star Wars,Republic Gunship,8,693,90
7166,Star Wars,Imperial Shuttle,4,238,35
7171,Star Wars,Mos Espa Podrace,10,896,90
7184,Star Wars,Trade Federation MTT,7,470,50
7186,Star Wars,Watto's Junkyard,2,443,50
7188,Castle,King's Carriage Ambush,4,286,39.99
7189,Castle,Mill Village Raid,6,663,69.99
7190,Star Wars,Millennium Falcon,6,663,100
7191,Star Wars,X-wing Fighter,1,1300,150
7197,Indiana Jones,Venice Canal Chase,4,420,39.99
7199,Indiana Jones,The Temple of Doom,6,652,89.99
7213,City,Off-Road Fire Truck & Fireboat,3,388,39.99
7237,City,Police Station,5,586,69.99
7249,City,XXL Mobile Crane,2,524,69.99
7256,Star Wars,Jedi Starfighter and Vulture Droid,1,202,20
7257,Star Wars,Ultimate Lightsaber Duel,2,282,30
7258,Star Wars,Wookiee Attack,5,366,30
7260,Star Wars,Wookiee Catamaran,6,376,50
7262,Star Wars,TIE Fighter and Y-Wing,3,412,50
7264,Star Wars,Imperial Inspection,10,367,50
7283,Star Wars,Ultimate Space Battle,4,567,50
7288,City,Mobile Police Unit,3,408,44.99
7313,Space,Red Planet Protector,1,194,20
7314,Space,Recon Mech RP,1,194,20
7315,Space,Solar Explorer,3,242,35
7326,Pharaoh's Quest,Rise of the Sphinx,3,527,49.99
7327,Pharaoh's Quest,Scorpion Pyramid,7,792,99.99
7346,Creator,Seaside House,1,415,49.99
7417,Adventurers,Temple of Mount Everest,4,292,30
7418,Adventurers,Scorpion Palace,5,341,50
7476,Dino Attack,Iron Predator vs. T-Rex,3,278,40
7477,Dino Attack,T-1 Typhoon vs. T-Rex,4,605,70
7498,City,Police Station,6,783,99.99
7571,Prince of Persia,The Fight for the Dagger,4,258,29.99
7572,Prince of Persia,Quest Against Time,4,506,49.99
7586,Belville,Sunshine Home,3,450,79.99
7594,Toy Story,Woody's Roundup!,3,502,49.99
7596,Toy Story,Trash Compactor Escape,3,370,49.99
7597,Toy Story,Western Train Chase,3,584,79.99
7598,Toy Story,Pizza Planet Truck Rescue,2,225,39.99
7621,Indiana Jones,Indiana Jones and the Lost Tomb,3,277,19.99
7622,Indiana Jones,Race for the Stolen Treasure,4,272,29.99
7623,Indiana Jones,Temple Escape,6,554,59.99
7625,Indiana Jones,River Chase,4,234,19.99
7626,Indiana Jones,Jungle Cutter,4,511,39.99
7627,Indiana Jones,Temple of the Crystal Skull,10,929,79.99
7628,Indiana Jones,Peril in Peru,6,625,49.99
7644,Space,MX-81 Hypersonic Operations Aircraft,5,795,79.99
7645,Space,MT-61 Crystal Reaper,6,600,49.99
7647,Space,MX-41 Switch Fighter,2,235,19.99
7649,Space,MT-201 Ultra-Drill Walker,3,759,69.99
7658,Star Wars,Y-wing Fighter,2,454,39.99
7659,Star Wars,Imperial Landing Craft,5,471,49.99
7660,Star Wars,Naboo N-1 Starfighter with Vulture Droid,3,280,29.99
7661,Star Wars,Jedi Starfighter with Hyperdrive Booster Ring,2,575,49.99
7662,Star Wars,Trade Federation MTT,21,1330,99.99
7663,Star Wars,Sith Infiltrator,1,310,29.99
7664,Star Wars,TIE Crawler,2,548,49.99
7665,Star Wars,Republic Cruiser,5,919,89.99
7672,Star Wars,Rogue Shadow,3,482,49.99
7673,Star Wars,MagnaGuard Starfighter,2,431,44.99
7674,Star Wars,V-19 Torrent,1,471,54.99
7676,Star Wars,Republic Attack Gunship,7,1034,119.99
7679,Star Wars,Republic Fighter Tank,2,592,49.99
7680,Star Wars,The Twilight,4,882,99.99
7681,Star Wars,Separatist Spider Droid,5,206,29.99
7682,Indiana Jones,Shanghai Chase,5,244,29.99
7684,City,Pig Farm & Tractor,2,256,34.99
7690,Space,MB-01 Eagle Command Base,8,760,89.99
7692,Space,MX-71 Recon Dropship ,6,435,39.99
7697,Space,MT-51 Claw-Tank Ambush,3,374,29.99
7699,Space,MT-101 Armoured Drilling Unit,5,635,79.99
7702,Exo-Force,Thunder Fury,1,197,15
7704,Exo-Force,Sonic Phantom,1,215,20
7706,Exo-Force,Mobile Defense Tank,2,365,30
7707,Exo-Force,Striking Venom,6,646,49.99
7709,Exo-Force,Sentai Headquarters,8,1448,100
7712,Exo-Force,Supernova,1,287,20
7722,Trains,Steam Cargo Train Set,3,495,68.5
7723,City,Police Pontoon Plane,1,215,39.99
7733,City,Truck & Forklift,2,343,24.99
7743,City,Police Command Centre,4,524,44.99
7744,City,Police Headquarters,7,953,89.99
7746,City,Single-Drum Roller,2,208,29.99
7747,City,Wind Turbine Transport,2,444,59.99
7753,Star Wars,Pirate Tank,3,372,39.99
7772,Aqua Raiders,Lobster Strike,2,223,19.99
7773,Aqua Raiders,Tiger Shark Attack,2,339,29.99
7776,Aqua Raiders,The Shipwreck,3,241,24.99
7781,Batman,The Batmobile: Two-Face's Escape,3,386,29.99
7782,Batman,The Batwing: The Joker's Aerial Assault,3,523,50
7783,Batman,The Batcave: The Penguin and Mr. Freeze's Invasion,7,1071,89.99
7786,Batman,The Batcopter: The Chase for Scarecrow,2,293,29.99
7787,Batman,The Bat-Tank: The Riddler and Bane's Hideout,3,645,49.99
7824,Trains,Railway Station,9,478,44.75
7848,City,Toys R Us City Truck,3,356,44.99
7868,Star Wars,Mace Windu's Jedi Starfighter,5,313,39.99
7877,Star Wars,Naboo Starfighter,6,318,49.99
7885,Batman,Robin's Scuba Jet: Attack of The Penguin,2,207,19.99
7886,Batman,The Batcycle: Harley Quinn's Hammer Truck,2,267,29.99
7888,Batman,The Tumbler: Joker's Ice Cream Surprise,3,449,49.99
7893,City,Passenger Plane,4,401,39.99
7897,City,Passenger Train,3,501,89.99
7899,City,Police Boat,3,199,25
7903,City,Rescue Helicopter,3,249,19.99
7929,Star Wars,The Battle of Naboo,12,241,24.99
7931,Star Wars,T-6 Jedi Shuttle,4,389,59.99
7937,City,Train Station,4,361,49.99
7938,City,Passenger Train,3,669,129.99
7946,Castle,King's Castle,8,933,99.99
7947,Castle,Prison Tower Rescue,5,365,49.99
7948,Castle,Outpost Attack,3,194,19.99
7957,Star Wars,Sith Nightspeeder,3,213,24.99
7958,Star Wars,Star Wars Advent Calendar,9,266,39.99
7964,Star Wars,Republic Frigate,5,1015,119.99
7965,Star Wars,Millennium Falcon,6,1254,139.99
7991,City,Recycle Truck,1,206,16.99
7993,City,Service Station,3,402,39.99
7994,City,LEGO City Harbour,5,659,89.99
7997,City,Train Station,5,387,44.99
8019,Star Wars,Republic Attack Shuttle,3,636,59.99
8036,Star Wars,Separatist Shuttle,5,259,29.99
8038,Star Wars,The Battle of Endor,12,890,99.99
8039,Star Wars,Venator-Class Republic Attack Cruiser,5,1170,119.99
8060,Atlantis,Typhoon Turbo Sub,2,197,24.99
8075,Atlantis,Neptune Carrier,4,476,59.99
8078,Atlantis,Portal of Atlantis,7,1007,99.99
8079,Atlantis,Shadow Snapper,1,246,29.99
8080,Atlantis,Undersea Explorer,1,364,39.99
8087,Star Wars,TIE Defender,2,304,49.99
8097,Star Wars,Slave I,3,573,79.99
8108,Exo-Force,Mobile Devastator,13,1009,89.99
8117,Exo-Force,Storm Lasher,1,283,19.99
8158,Racers,Speed Racer & Snake Oiler,2,242,19.99
8159,Racers,Racer X & Taejo Togokhan,2,237,19.99
8191,Power Miners,Lavatraz,4,381,49.99
8245,Technic,Robots Revenge,1,222,30
8250,Technic,Search Sub,1,383,49.5
8255,Technic,Rescue Bike,2,202,15
8266,Technic,Spyder Slayer,2,366,70
8307,Technic,Stunt Race,1,392,90
8404,City,Public Transport Station,6,864,99.99
8457,Technic,Power Puller,1,979,100
8624,Bionicle,Race for the Mask of Life,8,507,59.99
8632,Agents,Swamp Raid,2,231,19.99
8633,Agents,Speedboat Rescue,3,340,39.99
8634,Agents,Turbocar Chase,3,498,49.99
8635,Agents,Mobile Command Center,7,1154,89.99
8637,Agents,Volcano Base,6,718,69.99
8654,Racers,Scuderia Ferrari Truck,6,813,79.99
8709,Power Miners,Underground Mining Station,4,637,79.99
8758,Bionicle,Tower of Toa,14,401,50
8769,Bionicle,Visorak's Gate,14,318,40
8779,Castle,The Grand Tournament,3,312,30
8781,Castle,The Castle of Morcia,8,637,90
8800,Castle,Vladek's Siege Engine,2,192,20
8823,Castle,Mistlands Tower,6,431,50
8876,Castle,Scorpion Prison Cave,5,280,40
8877,Castle,Vladek's Dark Fortress,9,983,100
8892,Bionicle,Piraka Outpost,4,211,30
8893,Bionicle,Lava Chamber Gate,8,373,39.99
8894,Bionicle,Piraka Stronghold,12,648,75
8897,World Racers,Jagged Jaws Reef,2,191,19.99
8898,World Racers,Wreckage Road,4,288,29.99
8926,Bionicle,Toa Undersea Attack ,6,401,49.99
8927,Bionicle,Toa Terrain Crawler ,10,674,69.99
8960,Power Miners,Thunder Driller,3,235,29.99
8963,Power Miners,Rock Wrecker,2,225,34.99
8964,Power Miners,Titanium Command Rig,5,706,99.99
8968,Agents,River Heist,3,203,19.99
8970,Agents,Robo Attack,6,414,49.99
9230,Education,Town Set,8,215,62
9442,Ninjago,Jay's Storm Fighter,2,242,24.99
9443,Ninjago,Rattlecopter,3,327,29.99
9447,Ninjago,Lasha's Bite Cycle,2,250,24.99
9448,Ninjago,Samurai Mech,3,452,39.99
9449,Ninjago,Ultra Sonic Raider,6,622,79.99
9456,Ninjago,Spinner Battle Arena,2,418,39.99
9463,Monster Fighters,The Werewolf,2,243,19.99
9464,Monster Fighters,The Vampyre Hearse,3,314,34.99
9465,Monster Fighters,The Zombies,4,447,39.99
9466,Monster Fighters,The Crazy Scientist & His Monster,4,430,49.99
9467,Monster Fighters,The Ghost Train,5,741,79.99
9468,Monster Fighters,Vampyre Castle,7,949,99.99
9470,The Lord of the Rings,Shelob Attacks,3,227,19.99
9471,The Lord of the Rings,Uruk-Hai Army,6,257,29.99
9473,The Lord of the Rings,The Mines of Moria,9,776,79.99
9474,The Lord of the Rings,The Battle of Helm's Deep,8,1368,129.99
9476,The Lord of the Rings,The Orc Forge,4,366,39.99
9492,Star Wars,TIE Fighter,4,413,54.99
9493,Star Wars,X-wing Starfighter,4,560,59.99
9497,Star Wars,Republic Striker-class Starfighter,3,376,44.99
9498,Star Wars,Saesee Tiin's Jedi Starfighter,3,244,29.99
9500,Star Wars,Sith Fury-class Interceptor,3,741,89.99
9509,Star Wars,Star Wars Advent Calendar,10,234,49.99
9515,Star Wars,Malevolence,6,1092,119.99
9516,Star Wars,Jabba's Palace,9,717,119.99
9525,Star Wars,Pre Vizsla's Mandalorian Fighter,3,403,49.99
9526,Star Wars,Palpatine's Arrest,6,645,89.99
9544,Education,Maths Machines,2,555,100
9558,Ninjago,Training Set,1,219,19.99
9650,Education,Scenery Resource Set,16,679,55
9684,Education,Renewable Energy Set,4,729,170
9686,Education,Simple & Powered Machines Set,2,396,135
9785,Education,Robo Technology Set with Serial Transmitter,1,219,150
9786,Education,Robo Technology Set with USB Transmitter,1,217,150
10001,Trains,Metroliner,11,782,149
10002,Trains,Railroad Club Car,5,293,37.5
10020,Trains,Santa Fe Super Chief,2,435,40
10027,World City,Train Engine Shed,2,664,70
10029,Discovery,Lunar Lander,2,453,40
10041,Town,Main Street,8,616,65
10128,World City,Train Level Crossing,2,327,50
10131,Star Wars,TIE Fighter Collection,4,682,70
10132,Harry Potter,Motorised Hogwarts Express,4,708,120
10134,Star Wars,Y-wing Attack Starfighter,1,1473,120
10144,Star Wars,Sandcrawler,11,1669,139.99
10176,Castle,King's Castle,12,869,99.99
10178,Star Wars,Motorised Walking AT-AT,4,1137,129.99
10179,Star Wars,Ultimate Collector's Millennium Falcon,5,5197,499.99
10184,Advanced Models,Town Plan,8,1981,149.99
10190,Advanced Models,Market Street,3,1248,89.99
10191,Factory,Star Justice,8,895,99.99
10192,Factory,Space Skulls,4,956,99.99
10193,Castle,Medieval Market Village,8,1601,99.99
10195,Star Wars,Republic Dropship with AT-OT Walker,8,1758,249.99
10198,Star Wars,Tantive IV,5,1408,149.99
10199,Advanced Models,Winter Village Toy Shop,7,815,59.99
10210,Advanced Models,Imperial Flagship,9,1664,179.99
10212,Star Wars,Imperial Shuttle,5,2503,259.99
10213,Advanced Models,Shuttle Adventure,3,1204,99.99
10216,Advanced Models,Winter Village Bakery,7,687,54.99
10218,Advanced Models,Pet Shop,4,2032,149.99
10219,Advanced Models,Maersk Train,3,1237,119.99
10221,Star Wars,Super Star Destroyer ,5,3152,399.99
10222,Advanced Models,Winter Village Post Office,7,822,69.99
10223,Castle,Kingdoms Joust,9,1575,119.99
10224,Advanced Models,Town Hall,8,2766,199.99
10225,Star Wars,R2-D2,1,2127,179.99
10229,Advanced Models,Winter Village Cottage,8,1490,99.99
10231,Advanced Models,Shuttle Expedition,3,1230,99.99
10232,Advanced Models,Palace Cinema,6,2196,149.99
10235,Advanced Models,Winter Village Market,9,1261,99.99
10237,The Lord of the Rings,Tower of Orthanc,5,2359,199.99
10240,Star Wars,Red Five X-wing Starfighter,1,1559,199.99
10243,Advanced Models,Parisian Restaurant,5,2469,159.99
10245,Advanced Models,Santa's Workshop,6,883,69.99
10249,Advanced Models,Winter Toy Shop,8,898,79.99
10254,Advanced Models,Winter Holiday Train,5,734,99.99
10259,Advanced Models,Winter Village Station,5,902,79.99
10261,Advanced Models,Roller Coaster,11,4124,379.99
10403,Classic,World Fun,2,295,19.99
10404,Classic,Ocean's Bottom,2,579,29.99
10405,Classic,Mission to Mars,3,871,59.99
10622,Duplo,Large Creative Box,2,193,59.99
10655,Bricks and More,LEGO Monster Trucks,3,197,19.99
10673,Juniors,Race Car Rally,2,350,29.99
10674,Juniors,Pony Farm,1,306,29.99
10676,Juniors,Knights' Castle,4,480,49.99
10744,Juniors,Thunder Hollow Crazy 8 Race,4,191,34.99
20215,Master Builder Academy,Invention Designer,3,675,79.99
21102,Ideas,Minecraft Micro World: The Forest,2,480,34.99
21103,Ideas,The DeLorean Time Machine,2,401,34.99
21105,Minecraft,The Village,3,466,34.99
21106,Minecraft,The Nether,3,469,34.99
21107,Minecraft,The End,4,440,34.99
21113,Minecraft,The Cave,2,249,19.99
21114,Minecraft,The Farm,2,262,29.99
21115,Minecraft,The First Night,2,408,39.99
21117,Minecraft,The Ender Dragon,4,634,69.99
21118,Minecraft,The Mine,4,922,109.99
21119,Minecraft,The Dungeon,3,219,19.99
21120,Minecraft,The Snow Hideout,3,327,39.99
21121,Minecraft,The Desert Outpost,4,519,59.99
21122,Minecraft,The Nether Fortress,4,571,79.99
21123,Minecraft,The Iron Golem,2,208,19.99
21124,Minecraft,The End Portal,3,559,59.99
21125,Minecraft,The Jungle Tree House,4,706,69.99
21126,Minecraft,The Wither,3,318,39.99
21127,Minecraft,The Fortress,4,984,109.99
21128,Minecraft,The Village,8,1600,199.99
21129,Minecraft,The Mushroom Island,2,247,19.99
21130,Minecraft,The Nether Railway,2,387,29.99
21131,Minecraft,The Ice Spikes,2,454,39.99
21132,Minecraft,Jungle Temple,3,598,49.99
21133,Minecraft,The Witch Hut,2,502,59.99
21134,Minecraft,The Waterfall Base,4,729,69.99
21135,Minecraft,The Crafting Box 2.0,2,717,59.99
21136,Minecraft,The Ocean Monument,2,1122,119.99
21137,Minecraft,The Mountain Cave,6,2863,249.99
21140,Minecraft,The Chicken Coop,1,198,19.99
21141,Minecraft,The Zombie Cave,3,241,19.99
21142,Minecraft,The Polar Igloo,2,278,29.99
21143,Minecraft,The Nether Portal,3,470,39.99
21144,Minecraft,The Farm Cottage ,3,549,49.99
21204,Fusion,Town Master,1,256,19.99
21208,Fusion,Resort Designer,1,263,19.99
21302,Ideas,The Big Bang Theory,7,484,59.99
21306,Ideas,The Beatles Yellow Submarine,5,553,59.99
21310,Ideas,Old Fishing Store,4,2049,149.99
21312,Ideas,Women of NASA,4,231,24.99
21314,Ideas,TRON: Legacy,3,230,34.99
31009,Creator,Small Cottage,1,271,24.99
31010,Creator,Treehouse,1,356,29.99
31025,Creator,Mountain Hut,1,550,39.99
31036,Creator,Toy & Grocery Shop,2,466,39.99
31048,Creator,Lakeside Lodge,1,368,29.99
31051,Creator,Lighthouse Point,2,528,59.99
31052,Creator,Vacation Getaways,2,792,69.99
31053,Creator,Treehouse Adventures,2,387,34.99
31064,Creator,Island Adventures,1,359,29.99
31065,Creator,Park Street Townhouse,2,566,49.99
31066,Creator,Space Shuttle Explorer,1,285,29.99
31067,Creator,Modular Poolside Holiday,2,356,29.99
31068,Creator,Modular Modern Home,2,386,29.99
31069,Creator,Modular Family Villa,3,728,69.99
31075,Creator,Outback Adventures,1,225,19.99
31079,Creator,Sunshine Surfer Van,2,379,34.99
31080,Creator,Modular Winter Vacation,2,374,34.99
31081,Creator,Modular Skate House,2,422,39.99
31084,Creator,Pirate Roller Coaster,1,923,89.99
40158,Pirates,Pirates Chess Set,20,857,59.99
40161,Miscellaneous,What am I?,16,536,29.99
40166,Promotional,LEGOLAND Train,4,210,19.99
40223,Seasonal,Snowglobe,1,215,9.99
41004,Friends,Rehearsal Stage,1,198,19.99
41026,Friends,Sunshine Harvest,1,233,19.99
41034,Friends,Summer Caravan,2,297,29.99
41036,Friends,Jungle Bridge Rescue,2,365,29.99
41037,Friends,Stephanie's Beach House,2,369,39.99
41039,Friends,Sunshine Ranch,2,721,69.99
41054,Disney,Rapunzel's Creativity Tower,2,299,39.99
41059,Friends,Jungle Tree Sanctuary,1,320,29.99
41072,Elves,Naida's Spa Secret,1,249,19.99
41073,Elves,Naida's Epic Adventure Ship,2,312,29.99
41075,Elves,The Elves' Treetop Hideaway,3,505,49.99
41078,Elves,Skyra's Mysterious Sky Castle,3,808,79.99
41085,Friends,Vet Clinic,1,192,19.99
41104,Friends,Pop Star Dressing Room,2,279,29.99
41105,Friends,Pop Star Show Stage,2,446,39.99
41106,Friends,Pop Star Tour Bus,3,682,59.99
41107,Friends,Pop Star Limousine,2,265,24.99
41117,Friends,Pop Star TV Studio,1,194,19.99
41135,Friends,Livi's Pop Star House,2,597,49.99
41149,Disney,Moana's Island Adventure,1,205,24.99
41150,Disney,Moana's Ocean Voyage,2,307,39.99
41152,Disney,Sleeping Beauty's Fairytale Castle,3,322,39.99
41172,Elves,The Water Dragon Adventure,1,212,19.99
41174,Elves,The Starlight Inn,2,343,29.99
41176,Elves,The Secret Market Place,2,691,59.99
41177,Elves,The Precious Crystal Mine,2,273,29.99
41178,Elves,The Dragon Sanctuary,2,585,49.99
41179,Elves,Queen Dragon's Rescue,2,833,69.99
41180,Elves,Ragana's Magic Shadow Castle,3,1014,99.99
41182,Elves,The Capture of Sophie Jones,2,226,19.99
41183,Elves,The Goblin King's Evil Dragon,2,339,29.99
41185,Elves,Magic Rescue from the Goblin Village,5,637,59.99
41187,Elves,Rosalyn's Healing Hideout,3,460,49.99
41191,Elves,Naida & The Water Turtle Ambush,2,205,19.99
41194,Elves,Noctura's Tower & the Earth Fox Rescue ,4,646,59.99
41232,DC Super Hero Girls,Super Hero High School,3,712,79.99
41238,DC Super Hero Girls,Lena Luthor Kryptomite Factory,2,432,59.99
41314,Friends,Stephanie's House,3,622,69.99
41317,Friends,Sunshine Catamaran,3,603,69.99
41319,Friends,Snow Resort Hot Chocolate Van,2,246,24.99
41322,Friends,Snow Resort Ice Rink,2,307,29.99
41323,Friends,Snow Resort Chalet,2,402,39.99
41324,Friends,Snow Resort Ski Lift,2,585,59.99
41333,Friends,Olivia's Mission Vehicle,1,223,19.99
41335,Friends,Mia's Tree House,2,351,29.99
41338,Friends,Stephanie's Sports Arena,2,460,44.99
41339,Friends,Mia's Camper Van,2,488,54.99
50006,Games,Legends of Chima,12,211,19.99
50011,Games,The Battle of Helms Deep,28,338,29.99
60008,City,Museum Break-in,6,563,69.99
60016,City,Tanker Truck,1,191,19.99
60023,City,LEGO City Starter Set,5,272,29.99
60026,City,Town Square,9,914,119.99
60027,City,Monster Truck Transporter,3,299,29.99
60043,City,Prisoner Transporter,3,196,24.99
60044,City,Mobile Police Unit,3,375,44.99
60045,City,Police Patrol,3,408,44.99
60047,City,Police Station,7,854,99.99
60048,City,Police Dog Unit,3,249,29.99
60050,City,Train Station,5,423,64.99
60056,City,Tow Truck,1,227,19.99
60058,City,SUV with Watercraft,2,219,19.99
60059,City,Logging Truck,2,228,19.99
60069,City,Swamp Police Station,6,707,89.99
60070,City,Water Plane Chase,2,263,29.99
60073,City,Service Truck,2,233,24.99
60079,City,Training Jet Transporter,3,448,49.99
60080,City,Spaceport,5,586,119.99
60081,City,Pickup Tow Truck,2,209,19.99
60083,City,Snowplough Truck,1,196,19.99
60086,City,LEGO City Starter Set,5,242,29.99
60117,City,Van & Caravan,2,250,19.99
60122,City,Volcano Crawler,3,324,39.99
60123,City,Volcano Supply Helicopter,3,330,49.99
60124,City,Volcano Exploration Base,6,824,119.99
60125,City,Volcano Heavy-Lift Helicopter,8,1277,149.99
60129,City,Police Patrol Boat,4,200,49.99
60130,City,Prison Island,8,754,89.99
60132,City,Service Station,4,515,89.99
60139,City,Mobile Command Center,4,374,49.99
60141,City,Police Station,7,894,99.99
60150,City,Pizza Van,2,249,19.99
60152,City,Sweeper & Excavator,2,299,29.99
60158,City,Jungle Cargo Helicopter ,2,201,19.99
60159,City,Jungle Halftrack Mission,2,378,39.99
60160,City,Jungle Mobile Lab,4,426,59.99
60161,City,Jungle Exploration Site,7,813,119.99
60162,City,Jungle Air Drop Helicopter,7,1250,149.99
60168,City,Sailboat Rescue,2,195,29.99
60173,City,Mountain Arrest,4,303,59.99
60174,City,Mountain Police Headquarters,7,663,89.99
60175,City,Mountain River Heist,4,387,49.99
60180,City,Monster Truck,1,192,19.99
60182,City,Pickup & Caravan,3,344,29.99
60186,City,Mining Heavy Driller,3,294,49.99
60188,City,Mining Experts Site,6,883,99.99
70002,Legends of Chima,Lennox' Lion Attack,2,230,24.99
70004,Legends of Chima,Wakz' Pack Tracker,3,297,29.99
70005,Legends of Chima,Laval's Royal Fighter,3,417,39.99
70009,Legends of Chima,Worriz's Combat Lair,6,664,69.99
70010,Legends of Chima,The Lion CHI Temple,7,1258,119.99
70012,Legends of Chima,Razar's CHI Raider,3,412,39.99
70014,Legends of Chima,The Croc Swamp Hideout,5,647,69.99
70115,Legends of Chima,Ultimate Speedor Tournament,2,246,29.99
70130,Legends of Chima,Sparratus' Spider Stalker,2,292,24.99
70131,Legends of Chima,Rogon's Rock Flinger,3,257,29.99
70132,Legends of Chima,Scorm's Scorpion Stinger,3,434,39.99
70133,Legends of Chima,Spinlyn's Cavern,3,407,39.99
70134,Legends of Chima,Lavertus' Outland Base,4,684,59.99
70141,Legends of Chima,Vardy's Ice Vulture Glider,2,217,19.99
70143,Legends of Chima,Sir Fangar's Sabre-Tooth Walker,3,415,39.99
70144,Legends of Chima,Laval's Fire Lion,3,450,49.99
70145,Legends of Chima,Maula's Ice Mammoth Stomper,6,604,89.99
70147,Legends of Chima,Sir Fangar's Ice Fortress,5,670,69.99
70161,Ultra Agents,Tremor Track Infiltration,2,241,19.99
70162,Ultra Agents,Infearno Interception,2,313,29.99
70163,Ultra Agents,Toxikita's Toxic Meltdown,4,429,39.99
70165,Ultra Agents,Ultra Agents Mission HQ,5,1060,99.99
70167,Ultra Agents,Invizable Gold Getaway,2,237,19.99
70170,Ultra Agents,UltraCopter vs. AntiMatter,4,614,79.99
70173,Ultra Agents,Ultra Agents Ocean HQ,6,1204,99.99
70222,Legends of Chima,Tormak's Shadow Blazer,3,311,29.99
70223,Legends of Chima,Icebite's Claw Driller,4,629,49.99
70224,Legends of Chima,Tiger's Mobile Command,6,712,79.99
70226,Legends of Chima,Mammoth's Frozen Stronghold,5,621,59.99
70227,Legends of Chima,King Crominus' Rescue,6,863,89.99
70228,Legends of Chima,Vultrix's Sky Scavenger,3,480,39.99
70312,Nexo Knights,Lance's Mecha Horse,3,237,19.99
70316,Nexo Knights,Jestro's Evil Mobile,2,658,59.99
70317,Nexo Knights,The Fortrex,7,1140,99.99
70319,Nexo Knights,Macy's Thunder Mace,3,202,19.99
70323,Nexo Knights,Jestro's Volcano Lair,10,1186,119.99
70324,Nexo Knights,Merlok's Library 2.0,3,288,24.99
70325,Nexo Knights,Infernox captures the Queen,2,253,24.99
70326,Nexo Knights,The Black Knight Mech,4,530,39.99
70327,Nexo Knights,The King's Mech,3,375,29.99
70348,Nexo Knights,Lance's Twin Jouster,3,216,19.99
70349,Nexo Knights,Ruina's Lock & Roller,3,208,19.99
70350,Nexo Knights,The Three Brothers,3,266,29.99
70352,Nexo Knights,Jestro's Headquarters,7,840,89.99
70353,Nexo Knights,The Heligoyle,3,318,29.99
70356,Nexo Knights,The Stone Colossus of Ultimate Destruction,5,785,69.99
70357,Nexo Knights,Knighton Castle,11,1426,129.99
70359,Nexo Knights,Lance vs. Lightning,2,257,24.99
70402,Castle,The Gatehouse Raid,4,248,29.99
70404,Castle,King's Castle,7,996,99.99
70412,Pirates,Soldiers Fort,5,234,29.99
70413,Pirates,The Brick Bounty,7,745,99.99
70501,Ninjago,Warrior Bike,2,210,19.99
70503,Ninjago,The Golden Dragon,3,252,29.99
70505,Ninjago,Temple of Light,5,565,69.99
70588,Ninjago,Titanium Ninja Tumbler ,3,342,29.99
70589,Ninjago,Rock Roader,4,406,39.99
70591,Ninjago,Kryptarium Prison Breakout,5,207,19.99
70592,Ninjago,Salvage M.E.C.,4,439,39.99
70593,Ninjago,The Green NRG Dragon,5,567,49.99
70594,Ninjago,The Lighthouse Siege,8,767,69.99
70595,Ninjago,Ultra Stealth Raider,7,1093,99.99
70596,Ninjago,Samurai X Cave Chaos,8,1253,119.99
70600,Ninjago,Ninja Bike Chase,3,231,19.99
70601,Ninjago,Sky Shark,2,221,19.99
70602,Ninjago,Jay's Elemental Dragon,2,350,29.99
70603,Ninjago,Raid Zeppelin,3,294,29.99
70604,Ninjago,Tiger Widow Island,5,450,49.99
70605,Ninjago,Misfortune's Keep,6,754,79.99
70607,The LEGO Ninjago Movie,NINJAGO City Chase,5,233,19.99
70608,The LEGO Ninjago Movie,Master Falls,4,312,29.99
70609,The LEGO Ninjago Movie,Manta Ray Bomber,4,341,29.99
70611,The LEGO Ninjago Movie,Water Strider,4,494,29.99
70614,The LEGO Ninjago Movie,Lightning Jet,6,876,59.99
70616,The LEGO Ninjago Movie,Ice Tank,5,914,79.99
70617,The LEGO Ninjago Movie,Temple of the Ultimate Ultimate Weapon,8,1403,99.99
70620,The LEGO Ninjago Movie,NINJAGO City,19,4867,299.99
70624,Ninjago,Vermillion Invader,3,313,29.99
70625,Ninjago,Samurai VXL,4,428,49.99
70629,The LEGO Ninjago Movie,Piranha Attack,4,217,19.99
70632,The LEGO Ninjago Movie,Quake Mech,5,1202,89.99
70638,Ninjago,Katana V11,2,257,19.99
70639,Ninjago,Street Race of Snake Jaguar,2,308,29.99
70640,Ninjago,S.O.G. Headquarters,5,530,39.99
70641,Ninjago,Ninja Nightcrawler,3,552,39.99
70642,Ninjago,Killow vs. Samurai X,3,556,49.99
70643,Ninjago,Temple of Resurrection,8,765,69.99
70657,The LEGO Ninjago Movie,NINJAGO City Docks,2,3553,229.99
70701,Space,Swarm Interceptor,2,218,19.99
70702,Space,Warp Stinger,3,310,29.99
70703,Space,Star Slicer,3,311,39.99
70704,Space,Vermin Vaporizer,3,506,59.99
70721,Ninjago,Kai Fighter,2,196,19.99
70722,Ninjago,OverBorg Attack,2,207,19.99
70723,Ninjago,Thunder Raider,3,334,29.99
70724,Ninjago,NinjaCopter,4,516,59.99
70725,Ninjago,Nindroid MechDragon,5,691,89.99
70727,Ninjago,X-1 Ninja Charger,3,426,39.99
70731,Ninjago,Jay Walker One,4,386,39.99
70734,Ninjago,Master Wu Dragon,5,575,39.99
70735,Ninjago,Ronin R.E.X.,4,547,49.99
70737,Ninjago,Titan Mech Battle,5,754,59.99
70748,Ninjago,Titanium Dragon,3,360,39.99
70750,Ninjago,Ninja DB X,7,756,79.99
70751,Ninjago,Temple of Airjitzu,13,2028,199.99
70804,The LEGO Movie,Ice Cream Machine,3,344,29.99
70805,The LEGO Movie,Trash Chomper,3,389,29.99
70807,The LEGO Movie,MetalBeard's Duel,3,412,34.99
70808,The LEGO Movie,Super Cycle Chase,5,514,49.99
70809,The LEGO Movie,Lord Business' Evil Lair,7,738,69.99
70810,The LEGO Movie,MetalBeard's Sea Cow,5,2741,249.99
70811,The LEGO Movie,The Flying Flusher,3,351,29.99
70813,The LEGO Movie,Rescue Reinforcements,5,859,69.99
70815,The LEGO Movie,Super Secret Police Dropship,8,854,79.99
70901,The LEGO Batman Movie,Mr. Freeze Ice Attack,3,201,19.99
70903,The LEGO Batman Movie,The Riddler Riddle Racer,5,254,29.99
70905,The LEGO Batman Movie,The Batmobile,5,581,59.99
70906,The LEGO Batman Movie,The Joker Notorious Lowrider,3,433,49.99
70907,The LEGO Batman Movie,Killer Croc Tail-Gator,4,460,69.99
70910,The LEGO Batman Movie,Scarecrow Special Delivery,3,204,19.99
70911,The LEGO Batman Movie,The Penguin Arctic Roller,2,305,29.99
70915,The LEGO Batman Movie,Two-Face Double Demolition,4,564,59.99
70916,The LEGO Batman Movie,The Batwing,3,1053,89.99
70917,The LEGO Batman Movie,The Ultimate Batmobile,8,1456,139.99
70918,The LEGO Batman Movie,The Bat-Dune Buggy,2,198,19.99
70919,The LEGO Batman Movie,The Justice League Anniversary Party,4,267,29.99
70922,The LEGO Batman Movie,The Joker Manor,10,3444,269.99
70923,The LEGO Batman Movie,The Bat-Space Shuttle,6,643,79.99
71006,The Simpsons,The Simpsons House,6,2523,199.99
71016,The Simpsons,Kwik-E-Mart,6,2179,199.99
71042,Pirates of the Caribbean,Silent Mary,8,2294,199.99
71242,Dimensions,New Ghostbusters: Play the Complete Movie,1,259,49.99
72001,Nexo Knights,Lance's Hover Jouster,3,217,19.99
72002,Nexo Knights,Twinfector,3,191,19.99
72004,Nexo Knights,Tech Wizard Showdown,3,506,39.99
75004,Star Wars,Z-95 Headhunter,3,373,49.99
75005,Star Wars,Rancor Pit,4,380,59.99
75013,Star Wars,Umbaran MHC (Mobile Heavy Cannon),4,493,49.99
75018,Star Wars,JEK-14's Stealth Starfighter,4,550,69.99
75020,Star Wars,Jabba's Sail Barge,6,850,119.99
75021,Star Wars,Republic Gunship,7,1175,119.99
75022,Star Wars,Mandalorian Speeder,3,211,24.99
75023,Star Wars,Star Wars Advent Calendar,9,254,39.99
75025,Star Wars,Jedi Defender-class Cruiser,4,927,89.99
75038,Star Wars,Jedi Interceptor,2,223,24.99
75039,Star Wars,V-Wing Starfighter,2,201,24.99
75041,Star Wars,Vulture Droid,3,205,24.99
75045,Star Wars,Republic AV-7 Anti-Vehicle Cannon,4,434,39.99
75048,Star Wars,The Phantom,2,234,24.99
75049,Star Wars,Snowspeeder,3,278,29.99
75051,Star Wars,Jedi Scout Fighter,4,490,59.99
75052,Star Wars,Mos Eisley Cantina,8,615,69.99
75053,Star Wars,The Ghost,4,929,89.99
75055,Star Wars,Imperial Star Destroyer,7,1359,129.99
75056,Star Wars,Star Wars Advent Calendar,9,274,39.99
75058,Star Wars,MTT,12,954,89.99
75059,Star Wars,Sandcrawler,14,3296,299.99
75060,Star Wars,Slave I,4,1996,199.99
75081,Star Wars,T-16 Skyhopper,2,247,24.99
75082,Star Wars,TIE Advanced Prototype,3,355,39.99
75084,Star Wars,Wookiee Gunship,4,570,69.99
75092,Star Wars,Naboo Starfighter,9,442,49.99
75095,Star Wars,TIE Fighter,1,1685,199.99
75096,Star Wars,Sith Infiltrator,8,662,89.99
75097,Star Wars,Star Wars Advent Calendar,9,292,39.99
75099,Star Wars,Rey's Speeder,2,193,19.99
75102,Star Wars,Poe's X-wing Fighter,4,717,79.99
75104,Star Wars,Kylo Ren's Command Shuttle,6,1005,119.99
75105,Star Wars,Millennium Falcon,7,1329,149.99
75106,Star Wars,Imperial Assault Carrier,6,1216,129.99
75135,Star Wars,Obi-Wan's Jedi Interceptor,2,215,24.99
75140,Star Wars,Resistance Troop Transporter,4,646,69.99
75141,Star Wars,Kanan's Speeder Bike,3,234,19.99
75144,Star Wars,Snowspeeder,2,1703,199.99
75146,Star Wars,Star Wars Advent Calendar,10,282,39.99
75147,Star Wars,StarScavenger,4,558,49.99
75149,Star Wars,Resistance X-wing Fighter,4,740,79.99
75150,Star Wars,Vader's TIE Advanced vs. A-wing Starfighter,4,702,89.99
75152,Star Wars,Imperial Assault Hovertank,3,385,29.99
75154,Star Wars,TIE Striker,4,543,69.99
75155,Star Wars,Rebel U-wing Fighter,5,659,79.99
75156,Star Wars,Krennic's Imperial Shuttle,6,863,89.99
75158,Star Wars,Rebel Combat Frigate,5,936,109.99
75168,Star Wars,Yoda's Jedi Starfighter,2,262,24.99
75170,Star Wars,The Phantom,3,269,29.99
75172,Star Wars,Y-wing Starfighter,5,691,59.99
75176,Star Wars,Resistance Transport Pod,3,294,29.99
75178,Star Wars,Jakku Quadjumper,5,457,49.99
75179,Star Wars,Kylo Ren's TIE Fighter,4,630,79.99
75180,Star Wars,Rathtar Escape,5,836,79.99
75182,Star Wars,Republic Fighter Tank,4,305,24.99
75184,Star Wars,Star Wars Advent Calendar,8,309,39.99
75185,Star Wars,Tracker I,4,557,69.99
75186,Star Wars,The Arrowhead,5,775,89.99
75188,Star Wars,Resistance Bomber,5,778,109.99
75191,Star Wars,Jedi Starfighter with Hyperdrive,4,825,99.99
75192,Star Wars,Millennium Falcon,8,7541,799.99
75195,Star Wars,Ski Speeder vs. First Order Walker Microfighters,2,216,19.99
75205,Star Wars,Mos Eisley Cantina,4,378,39.99
75208,Star Wars,Yoda's Hut,3,229,29.99
75210,Star Wars,Moloch's Landspeeder,2,464,39.99
75211,Star Wars,Imperial TIE Fighter,4,519,69.99
75212,Star Wars,Kessel Run Millennium Falcon,7,1414,169.99
75824,The Angry Birds Movie,Pig City Teardown,4,386,39.99
75825,The Angry Birds Movie,Piggy Pirate Ship,4,620,59.99
75826,The Angry Birds Movie,King Pig's Castle,5,859,89.99
75876,Speed Champions,Porsche 919 Hybrid and 917K Pit Lane,5,732,69.99
75877,Speed Champions,Mercedes-AMG GT3,1,196,14.99
75883,Speed Champions,Mercedes AMG Petronas Formula One Team,8,941,99.99
75902,Scooby-Doo,The Mystery Machine,3,301,29.99
75904,Scooby-Doo,Mystery Mansion,6,860,89.99
75911,Speed Champions,McLaren Mercedes Pit Stop,3,332,29.99
75912,Speed Champions,Porsche 911 GT Finish Line,4,551,49.99
75917,Jurassic World,Raptor Rampage,3,324,49.99
75918,Jurassic World,T-Rex Tracker,3,520,69.99
75919,Jurassic World,Indominus Rex Breakout,4,1156,129.99
75920,Jurassic World,Raptor Escape,2,394,39.99
75927,Jurassic World,Stygimoloch Breakout,2,222,29.99
75930,Jurassic World,Indoraptor Rampage at Lockwood Estate,6,1019,129.99
75932,Jurassic World,Jurassic Park Velociraptor Chase ,4,360,39.99
75933,Jurassic World,T. Rex Transport,3,609,69.99
76001,DC Comics Super Heroes,The Bat vs. Bane: Tumbler Chase,3,368,39.99
76003,DC Comics Super Heroes,Superman: Battle of Smallville,5,418,49.99
76004,Marvel Super Heroes,Spider-Man: Spider-Cycle Chase,3,237,19.99
76005,Marvel Super Heroes,Spider-Man: Daily Bugle Showdown,5,476,49.99
76006,Marvel Super Heroes,Iron Man: Extremis Sea Port Battle ,3,195,19.99
76007,Marvel Super Heroes,Iron Man: Malibu Mansion Attack,5,364,39.99
76016,Marvel Super Heroes,Spider-Helicopter Rescue,4,299,44.99
76019,Marvel Super Heroes,Starblaster Showdown ,3,196,19.99
76020,Marvel Super Heroes,Knowhere Escape Mission ,3,433,39.99
76021,Marvel Super Heroes,The Milano Spaceship Rescue,5,665,74.99
76022,Marvel Super Heroes,X-Men vs. The Sentinel,4,336,49.99
76023,DC Comics Super Heroes,The Tumbler,2,1869,199.99
76031,Marvel Super Heroes,The Hulk Buster Smash,4,248,29.99
76032,Marvel Super Heroes,The Avengers Quinjet City Chase,5,722,79.99
76035,DC Comics Super Heroes,Jokerland,8,1037,119.99
76037,Marvel Super Heroes,Rhino and Sandman Super Villain Team-up,4,386,39.99
76041,Marvel Super Heroes,The Hydra Fortress Smash,5,405,49.99
76042,Marvel Super Heroes,The SHIELD Helicarrier,17,2996,349.99
76045,DC Comics Super Heroes,Kryptonite Interception,3,306,29.99
76048,Marvel Super Heroes,Iron Skull Sub Attack,4,335,29.99
76051,Marvel Super Heroes,Super Hero Airport Battle,7,807,79.99
76057,Marvel Super Heroes,Spider-Man: Web Warriors Ultimate Bridge Battle,7,1092,99.99
76058,Marvel Super Heroes,Spider-Man: Ghost Rider Team-Up,3,217,19.99
76059,Marvel Super Heroes,Spider-Man: Doc Ock's Tentacle Trap,5,446,39.99
76067,Marvel Super Heroes,Tanker Truck Takedown,4,330,29.99
76075,DC Comics Super Heroes,Wonder Woman Warrior Battle,2,286,29.99
76077,Marvel Super Heroes,Iron Man: Detroit Steel Strikes,3,377,29.99
76079,Marvel Super Heroes,Ravager Attack,3,197,19.99
76081,Marvel Super Heroes,The Milano vs. The Abilisk,5,460,49.99
76084,Marvel Super Heroes,The Ultimate Battle for Asgard,6,400,49.99
76086,DC Comics Super Heroes,Knightcrawler Tunnel Attack,4,622,49.99
76088,Marvel Super Heroes,Thor vs. Hulk: Arena Clash,5,492,59.99
76096,DC Comics Super Heroes,Superman & Krypto Team-Up,2,199,19.99
76097,DC Comics Super Heroes,Lex Luthor Mech Takedown,5,406,39.99
76098,DC Comics Super Heroes,Speed Force Freeze Pursuit,4,271,29.99
76099,Marvel Super Heroes,Rhino Face-Off by the Mine,3,229,19.99
76100,Marvel Super Heroes,Royal Talon Fighter Attack,4,358,29.99
76102,Marvel Super Heroes,Thor's Weapon Quest,3,223,19.99
76104,Marvel Super Heroes,The Hulkbuster Smash-Up,4,375,29.99
76105,Marvel Super Heroes,The Hulkbuster: Ultron Edition,1,1363,119.99
76107,Marvel Super Heroes,Thanos: Ultimate Battle,4,674,69.99
76108,Marvel Super Heroes,Sanctum Sanctorum Showdown,5,1004,99.99
79006,The Lord of the Rings,The Council of Elrond,4,243,29.99
79008,The Lord of the Rings,Pirate Ship Ambush,9,756,99.99
79010,The Hobbit,The Goblin King Battle,8,841,99.99
79012,The Hobbit,Mirkwood Elf Army ,6,276,29.99
79013,The Hobbit,Lake-town Chase,5,470,49.99
79017,The Hobbit,The Battle of Five Armies,7,472,59.99
79018,The Hobbit,The Lonely Mountain,5,866,129.99
79101,Teenage Mutant Ninja Turtles,Shredder's Dragon Bike,3,198,24.99
79103,Teenage Mutant Ninja Turtles,Turtle Lair Attack,5,488,49.99
79104,Teenage Mutant Ninja Turtles,The Shellraiser Street Chase,5,620,59.99
79108,The Lone Ranger,Stagecoach Escape,5,279,29.99
79110,The Lone Ranger,Silver Mine Shootout,5,644,69.99
79115,Teenage Mutant Ninja Turtles,Turtle Van Takedown,4,368,39.99
79117,Teenage Mutant Ninja Turtles,Turtle Lair Invasion,6,888,99.99
79119,Teenage Mutant Ninja Turtles,Mutation Chamber Unleashed,3,196,24.99
79120,Teenage Mutant Ninja Turtles,T-Rawket Sky Strike,4,286,34.99
79121,Teenage Mutant Ninja Turtles,Turtle Sub Undersea Chase,5,684,59.99
79122,Teenage Mutant Ninja Turtles,Shredder's Lair Rescue,5,478,49.99
2000451,Education,The Panama Canal,1,1184,249.99